id,phone_sequence
mgrt0_si1450,CyLMJLlwIysKDLHIaJnJyDcQCyLkvbUIyJyQLkwLJLMnDtyQTwDCwJLMwLusKD
mpdf0_sx372,lLkgLuIbCwLAJnDJFDybQtLMrCcLiJLMnmy
fsem0_sx28,HlsLhwLkaILktcBScDLkeDcQLubJ
fgjd0_sx279,bBJwUQnBLMyLMcSrLASwNeJPLHrQwDKwDwUDFSarly
mjar0_sx8,vSgyTnBrSryFQrJwBygmcCU
mrws1_si1496,btLMIPlbLhgBwJScUwLuUFBLMDLMByUy
mrjm4_sx229,aITwBOLAEtaICLHBcDwDLM
fpas0_si1272,vSBnQrLMrybcJLMIwtwUwLAJ
mcmj0_sx374,zaIDcLAByDULKatwKtIcCwQwD
mtas1_si2098,vyLuyCQwKaILcvaILkBbtLwDBOLMnLvrDFwE
fdrw0_si653,KwBwUJwUcIyaBwmySyaBwLDaBwLz
mbwm0_si1934,SsmcBOFcSgaB
mjdh0_sx274,BtScJPwULhgQlcQBwLAiTwrIyJLCcJawK
faks0_si1573,vwULAbLMcDScJlywDcDvbLurLkwDwULhyPmwtBLhPLMJLSrSaIDwDLMbLhy
mjsw0_si2270,kaLuULkwLkJcCLMwELMwBScDUyLuF
mmdb1_sx365,lMyLAcCcDLAnLkwUQwLMcCLAaIDrLnLAcDLHBGDLtSwNIyerU
fdrw0_sx383,lwLAaLHwLAByDwKbCLHPmaFaIynDFBIcLk
mlnt0_si1902,lcLHaJwELuBFcQcJwLInLM
mthc0_sx25,FCyBGrUBcQCwBywDrU
mwjg0_sx224,veLuPmkwUTrwDLkaIDJ
mlll0_sx193,vSgLhgGBLScDTaBwKPyUCgD
mrjm4_sx319,sLhwLuFLMgQBybCLhBLJIPlctaICvr
mtas1_sx118,McCLhagwDaBlyDLuIymywDLULwDcBaILzLhB
mjar0_si2247,SyLDBwJcDByrKwC
mlnt0_si642,lnILHIaLJLSrLMPJLMnLHBbmrJLcnLinrvbDaLHaBCtLtbD
mrjm4_sx139,lcLhcELucBFScJLHFUDByJwLiPsmwLDwrlwKar
majc0_sx205,CwBLMnrIyLHrJDeBrLAJLhnLMwLMPFBLhsLucQCDaImrJ
fnlp0_sx408,aLkIcLkwJcLhBsLHmgvbQwDyDcQLisDL
fnmr0_sx409,yLMwEJLHwCwDLiLCgLBywELAIyJwJLMIEtLCrbELAvTwBJBy
mmdm2_sx372,lLkgLuIncCLAJwDJLvFBybtLMrCcLiJLMnmy
mmdb1_si995,bLkwtrDLMgCJyJrLkwULAByLABcQcDLABnrBymrLwDwUaILAwDwJLM
mjdh0_si1354,SwNwDBcBaILzrJFKBJwJLMcCaIDlwJLMIcLAJIaEtcEKCBJcLHJwJLMcCU
mcmj0_sx104,wJLMFBcLkgCDtIcCcLhnLr
mrtk0_si1723,wDwPgLkywLkIwtLMwDwDtrCDFSr
mjar0_si728,HFLJybCLHBUwDwJrcLtrLMaBQCwnDwLJLMIsDFCvwDLAFB
mbdg0_si833,BnJLHrKJcDBJnBULCwDKw
mwew0_sx371,ILDeCwDcLhylwLhnJLlbtrLhwULhIwLAJaIrDB
mtdt0_sx274,ABwtScUJPNLhcBcLKTwrywJLCcJaLz
mbwm0_si1304,wSwJwLAJLHPULMPcvacLhlcBaJLhyLunJKLin
fdac1_sx34,keDLkPLibByJLMrmyLkwKwFU
mbwm0_sx44,hnJLAwLHFLAwDLhywDwDrLMsCwEJLHaI
fjmg0_sx191,SyJLkIaBtFeDybLAyUJsKwDUwLSgcDLMJ
fkms0_sx320,lwDwIwJwmwDLuaLAwCsDaLhySwNwDSaLAwDLkwJLMDLJ
mers0_si1649,wLMJwtcCecmyLTwDF
mdlf0_sx413,kbtyJLSymwKLDymBHGDJLAartCbLiLMrJLAr
mrcs0_si1223,lwIwsLAFLJLIybDBgLAIbLhwLJ
mklt0_si583,lwJLSwLAwDJwLHcNnmwLHBycDcJLMsbC
mlnt0_sx282,lwLMPCLHLnIytrLubLMLAaCScDIaLzrULMPNQnBeLM
mrjr0_sx192,JLMIavbLkJaIcamctbKcDlcJyr
mwjg0_sx314,wLHyLHBSCaILinDrcULlnISLhyDFDyLMtrcSnBtHwr
mers0_sx299,KsQELAIsCwUwLHaLHwBrgmcCcDvbBcSsD
fadg0_sx19,cBCwDcDJFQSwLADatwDLhytBnDUy
fmgd0_sx124,aLzwLAJLCsmwQLHTPmraILhTPmwtB
mcmj0_sx194,lsDzGsSDgaILkwKwD
mglb0_sx4,zksDCsrDCaICcDyLhgSaLMwEverLk
mdab0_sx409,ymyEJLHwmnLzLDgByLAIyJwJLMIsLNLCIbLiBaJLBwv
mwew0_si731,ctTPTPwUBsmrlwLkFDLtwBwD
mmjr0_sx28,hsLQlbLuaILtIcSacDLunBcDcQLubJ
mdlf0_si2213,JcCLhcmySwNDFQgJwU
fmld0_sx385,vwJKFBLkrtnBLMwUwtwSrLhIFLHALD
mwbt0_sx383,lwLAaLHwLABymrUJLKwcDLHPmeIaIycDLMFIaLucL
mrjr0_si1812,wLJrIwmywUDFLMgCtaIwLAIwCwDsKDU
mmwh0_sx279,bBcJwUcLhwBcLMyLMcSrLSwlnBLJPLHrQwKwDCwULDFLSwNw
mtdt0_si1994,JPFBtaBlyULhwrUScULkwLuwLCywCLhnLDCbDTPLzwJLHnDcBamcCgcDy
fmml0_sx230,cBeByTPSsgvrLcLIbKDaSgUaBnrU
frew0_si1280,lcJTrBLMrKeDSwLhrQgmaBCBJLMbLUBytaBeLHrLMnLAKwD
mteb0_sx53,yQwDwJwCLHBQBLAbQITwBryLAwDLMsDJwCLhBU
fpas0_sx404,haILhrDLHsLHIrDByQUwDcLhwLhBaQar
mrcs0_sx143,lwJeDLkcQLzwDctrULhyTPLkSBJLAwrLlybDBFLA
fjlm0_sx233,veSswDtIySsDCyDlcJgDLNksE
mteb0_si1133,wLAwDLHrLzbLAcBacEIsDLzLuFBUtaILJnBt
fpas0_sx224,vcLuPmwUrwDLkrwDLJ
fdhc0_sx209,CgLABLABrLkwLhbnLzrCaBSwNLAIscDU
mjsw0_sx200,IbBtLAwDLMIBlcJLMaLHSaLitIcDcLhByLirU
mglb0_sx274,uBwtScJPNLhcBcLzTrywJLCcJgcLK
mgwt0_si909,AcCLHFBJryIyLMgrCwDLkwLJwLAJLytgQBPCUaDgvrIgUwD
mdvc0_sx306,cLiBUcDtTPSOLhyLAaCLznDrBLU
fjem0_sx274,ABwtwJPNLhglcBOLAKrywNLCcNamcU
mwjg0_si494,hsLJBFBywLByJLMScDvbtHerBaELur
mpdf0_sx192,JLMIavbLMJraemctbKDwJwr
mroa0_sx227,wLJvwBNTrLkLAPLAScNnBLKPLr
fsem0_sx118,AcChgDalwELAIsmwbDLMJwDcBaILhaFB
mjar0_si1988,veUwJLMIsLATPBtaBrtnr
mwjg0_si1124,BnLCyLASDLvwCylwDCaItByLtrvwUwDbeBcaJwJwUCLHaILDLMcCgLNyC
fmah0_sx389,lsyDrLhyLAbJwDwIyCFLAaDLMIyJgLk
mers0_si1019,lnCDPLMPlwLAnDLMIyLSrtrLMPcULHFBLrLU
mgwt0_sx189,kwJLMIGnQIytgBIwBsmwLMwCgamwLMJ
mglb0_sx184,lwLAbLJLCyeaBSyUvrLJLhgyrU
mdvc0_sx396,lwtwKLhyLunDLMcByLtIbDwLAByaDlcJrtwJcQlwJLCaBsLA
fpas0_sx314,stLHyLhHaICaILzcDrJNlrLhyEDFDyLktrSnBtwr
mtaa0_sx385,wKFmrtnBLcUctwLSrLhIFLAwD
mdab0_si2299,JcDLMgUJyLAFcJgmScNBntacJLhynvFC
fmah0_sx209,CgLABLAcBrLlwLhbLkIwCBaBSwNLAIscDU
fmgd0_sx34,keDLkPLirByJLMrmyLkwKwU
mrws1_si500,lnvrCaIaLlywJLDwCLtrcCIsmybLAJcDwDyLHIgIwmgJwrU
mbwm0_sx224,vcLuPlyKrwDLkrwDLMJ
mtdt0_sx94,TcCJLMrUcBcQLAaCwDLAbDywULMIyLJ
fpas0_sx134,kwJwCLhIwDLznDTrnrDgULCcDJLMwULhnDwCgwCy
fgjd0_si1179,vScLwKclyUwtnwLAJLlwy
fpkt0_sx188,vPSaNLMcIgUvyDBwCwmwmwLAJLHnJwLAe
fgjd0_si549,lhyULHIFLuIwDUCtwJgUlwLAJnLMwDLJcQLhgIsKBLAbJLtIrwCULHyJLcBy
mnjm0_sx230,cBeaByPSsvnrLhcrIbLJBgLUaBnrDU
mpam0_si1819,vyIcLkwUgJByLHcBySwNScDvTPLzLHFB
mdls0_sx188,vPacNrIgJycDBwCQwDwmwLAJLHnDLJwLAeD
fpkt0_si2168,lsCsLAcJLADtaICwJBOLuO
mreb0_sx295,wLAnIFLAcCDJLMCaIaBLvnQrIsDLktrCymyEwLMP
felc0_sx216,lcJLCaLhGLHOLMcSarCcDvOLAr
mjar0_sx368,aIyULAgJLMCDywLhBbLABFULMwLhyLAcCLHByBynBwLuwD
mroa0_sx317,lcLAIwCLhryLhaBLuwLJLhrPLHIwLkywDamcLC
felc0_sx36,FDBwLkwCFJLMwLAaCLHBcJaImcJcQLMsDLHaLHwBwnrmy
mtaa0_sx295,wtLATrBLAcCLJLMCaIBLvQrIsDLtrICymyEnLMP
mteb0_sx413,kbtLDyJSyLkwKLDyLkBLHGJLAaItLCbLiLMrJLAr
fnlp0_si678,JnBQsKwDIyLAwDJwmrLk
fnmr0_si2029,sDFLMOQaLAsCwDLMPvwUQGJ
mbpm0_sx137,MrLkwKwDrLASgrULHIDBcLHIPQBtcDLkrsLzCnwLz
mjdh0_sx364,yLinDLMaCBywELAcCBaJLAFDJgmwSwNcLHIsLkeDcDtvwvymyEJwJLMCLHaILM
mtas1_si838,vyELHIyJwEDLMnCLHBcQDPLHIamwLkwQnBLDwD
mjmp0_sx5,KywJLMnDrUnDgvwC
mbwm0_sx314,HyLHBSCaILznDrwKJrLhyLDwPwDyLkUtrSnBtr
mteb0_sx233,vgSswDtySsCyDwJsCLNwE
fnmr0_si1399,lcJwJgwmyIwBywLuUwJLULbUwnDLMwLMyFQrDcCLhFlwLuBaCrwKcDcCnD
faks0_sx43,nBlrByLHyLHBaratNcDcLAJLABPLkwLk
mrtk0_si1750,AOLywCbJrwCJnBtLtylwCbDaDlwJgLlwCLHIgCwDwJLMrtwr
mpam0_si1961,cJnLAwDLMSwLiLMwKrLJLByQLnDytnBLMcLhIytLhrDcDwUcLhrIaIC
fdhc0_sx389,hwscDwLhwyveUwDlwIrCcFLAcDLMIyJgLk
mjsw0_sx380,SgLirLzCcDytrJcLzLuaILhwLz
fadg0_si649,wLJBcQrJtrCcBbLcQTPDnLMywQLHrLHwJwDIrJLHnLMtrCvrIFwLAByrtKwLH
fcal1_sx233,vgSswDtIySsCyDlwJsDLNbE
mgjf0_sx191,SwNLMIaBtFDynLAPUsKDUwScDLJ
felc0_si756,CwLMwIywBJLJrInCwLACaBwELABsLInLkSsmaILQlct
mdvc0_sx126,aImrwtwKBwDLMnBcLzwDLJwUtrIwB
mklt0_si1843,KwSwUInmwtavrLuIsmwQnLirUwDlyIaQBwQrCFLSBLHaIDc
mbdg0_sx383,lwLAaILHwLAByDrKnCLHPmaIaIynDIc
fmah0_sx29,vbLuIsLkwLHsLAwLHsLAtLHwLMsmwU
mcsh0_si2179,CgCclrDnQrSaLHJLCyC
mlll0_si1993,KwLKPSsLAwC
fjem0_si634,vywrvTwULASgLHrJLSsUcQBylwQnIwywCLhgmwDwDmcQCyDwtJDJtBgDcJ
mglb0_si2164,lwLATnrQTwJnBtnD
fdac1_sx304,iyLJLMkaLAyEwUIeDlctrJLMgCLlQLhSaBcDLk
fmld0_sx25,SFBDByBGrUBcQDswDrU
mjmp0_si1535,vLMIbDQBCBnJLMwULHyKOLktsB
mreb0_si745,hIsBaILMnsJLMwUTPKPB
fsem0_sx388,vrIgLkvbDsLuJLScDnQrIrPlcLhrCnLMIwLHInwKrLisDLzwJ
mrtk0_sx13,JSwEDywrIaICwUvgKTPLAbD
mmwh0_si1301,kyDULAwDtaICDwDwCLHaILDLhNrIwLzLhwLMSyDwLHInUwDLnDlwtbLABLMy
fjlm0_sx53,sQwDcJwCtBQFLAbLhwBnIyLAwDLMsDJwCBJ
fmgd0_si2194,vyvnLktaGBwDLMPSwJctLzaLnDelwLzaLScULuFaDwDLvyScJLMIbDLkw
fmld0_si925,vySwUwDLAcJMLkywULSgtLMwhaIJLMwC
mjdh0_sx94,TcCJLMPUJLBcQLAaCwDLAbDkyPULMIyLiJ
fjmg0_sx371,IgDeCsDaLhyQlwQwnLJLMaCLtrLhwUDwJLCrLzrU
fmml0_si1040,DNwDwrwUwDLkFBLzLwDwDwLAJLMIwCByLksDLzOwJBLAKry
mtaa0_sx25,SFBDByBGyrUBFQCwBTwDrUJ
fdms0_sx408,gLkIglwJcLhSsLhnvbQDLkwDctLisyDLz
mmjr0_si1648,TaUctrByCaILDCFLMnBLSwULASDwLhwmcQcBnLMLABLlcJLHBsDtIaDLM
mnjm0_si2210,DaIyLMrDbLkIcbJLScDJcBrQr
mmwh0_si459,vytrlrLHrLHIFULuIbDLMJcQcDcDJLHnJctgnLkJnBDLtrLAJLHrCwDLMBvaJLHwmBJ
fjem0_sx94,TcEtLNrUBcFQLAaCwDLAbDLkyJLMIyLJ
mpam0_sx199,TcELiwFBmrwDLiwmcQaIwLkwLAJLHFKrLMcLAwDLMsLzJLkwUPUwU
mdlf0_sx233,vgSbDtIyPsCyDlwJsCLNwE
mpdf0_si2172,JLMInELNLhyLubDLMwUwLHcLHwDLkeCvwULinJLJ
mnjm0_sx410,uInsLhagUtInKLCnBLwLiLSwsLNsCaIDwE
mjln0_sx99,CwLkyQBJcJagwmySwUNLhsJLMaDvgnIaILAyJ
mtaa0_si1915,wScUNlnIlwLKySOLkvbtLMIPwDaLMrIyDcJysKDLhsLutrLuwQDcJ
mtls0_sx20,KyPSaISaICtByJyScQwDFQrBU
mjfc0_si1663,vyNaLvyJaLHwnBtsUvbmcSwDLkF
frew0_sx20,KSaISaIDctByJySBcDFQIcBU
fedw0_sx274,ABwtLSwJPQULhaLlwBcLwIywJLCcJaLz
mteb0_si2064,vyScULuwtLMwLSwNbDSFCbEDwLMwUcDLnbDcLHFmwDcBrtrScDnDPFQwDyIsJ
fedw0_sx94,TaEAJLMwJBFQLAaCcDLAbDLkywJLMIyLJ
fmml0_si1670,aLDFLhwULDwDJFQwvwrLacJLMsLAewDBsB
fdms0_sx318,HByJLwLCaLMLMsmcUcLhytaItIaJLM
fmgd0_si934,cNaIrmyUJsLnmFBJUJLMrUaIyLtIgDLMgarLw
mbpm0_sx317,lwLAIsCLhIsLhaLuwLJLDrsLHrmywDamcC
mwjg0_sx44,hbJLAwQLHaBLAwDLhywDwDwLAsmwEJLHaI
fedw0_si1084,knLlswEwLCsLhyLhctaICsKwDcQsKsLtFCLSwLiLclwKsLMJyQaBt
mrjm4_si2119,lywDJLMwELMcLkwJcLHAcCDbULhwDCaJLM
fsem0_si1198,vwUgwDJLHgD
mreb0_sx25,FCByBGrwULBcQDsTwDwrU
mmjr0_si2166,BOLALJIyvaILJctPBSacU
fedw0_si1653,vsyJLHFLAJPFlnDBy
mjmp0_sx185,kwLzPLhgwDyLAaImrIsFQrIaBJ
mjln0_sx369,haLHsLHrmFQrlcQlwBwEPCrBJ
mlll0_sx13,JLSwyETraICwUvgUwLAbD
mklt0_sx403,vcSaILkIFLDJwJLMcQFDBwJLArLJwCLhBsBUDU
mmdb1_sx95,yLuSaDUwDbBLAymrJnLMIaLHyLABcInLMgBU
mmdb1_sx275,JLMyQaIcLhIsLInLAbnKIwJLSBnmrD
mtaa0_sx115,lwnBCBcDLMLHwLAJlBwLAIaLHBwJaBcLuBF
mtls0_sx290,lwJLHIwKwrwJLHLnwLwDtBCLMPtaILHrJLHnLMcQLhgr
mwjg0_si1754,vyJnLlwLAIsUytcaBvbcBe
mcmj0_sx284,zbtLMaITPaILTPmwEtsQrnQwJwDLMrtTPLzLHrLiwJ
mnjm0_sx140,bLrLAaBLirBLHIamcLAJaIcaDyQBylwJKIwQwmw
mbns0_sx230,cBeBySsvwrLlcLIbKDBgUaBnrU
fmml0_si2300,CgCclrSwULlwJgnmrJnBtwLATryaJwLkys
mpam0_sx379,MnCLuwQULkIgQwEBnJDUFDLNrJLsJ
fcmh0_si1454,cIwLzcBFByLlCsDLMgLKTPULMSrQnIywJLAcCLHwUwKwDUcQLHaByTnJLMrU
mdls0_sx278,kPtclrywULHInJLMyLiTPLAsKBsIyLkUlcSaBJLMIyLzaIDB
mpdf0_si912,TPCsCsDKrJnBtwDwLASgnrIyBDbLAtaIr
fadg0_sx379,HbDLkwLJLMIglyESnUDUcDLlrUJLksU
mmdb1_sx5,KywJlwDvrlnDcBvwC
fadg0_si1279,hIwLAJaIrDBLMrDcLMwQ
fjsj0_si2114,JLMsLCyKUnLDBcCycLlFULkgU
mbns0_sx410,uInLhgUtInKDFBLAyLiLSyLksCaIDwE
fgjd0_sx9,vSnISrwLTPvSaBSySrcSs
mers0_sx29,vLhLuIsLMcLHwLAwLHbLAcLHcLHsmFQU
mdvc0_si2196,vcLHrtInKwDlcLhIaLCywULAuOLwDLAcCwUCgDBScUcDLMwLhyLKLDyULMnbLk
mrtk0_sx283,HBbDLHrDvOmaILuwDwUsKDULtHCFDrNLADLMIB
mjmp0_sx95,vwLuSaDwUwDbBwLuwmrKrLMbLHcLAInLMgBU
mcsh0_sx19,cBPCcDCJFQrSnrLAwDatcDLhytBwCUy
mjfc0_sx313,zaLtgtaICKDlcLhaLiLhctaIyLuFe
mrcs0_sx413,kbtLDyJLSymyKLDymBLHGDLJLAaItLCbLiLMrJLArLk
mtas1_sx388,vrIgsgLvbcDLsLJLScDnQrlwLhnrCnLMrLHInKrLisDLzwU
mgwt0_sx279,bBcJwUcLhwBwLMyLMcSrLSwNeLJLHrQwKwDLwUDFBLSrly
mreb0_si2005,vyEnLkBntLMrwDQgBwLlsLAwEtrCnBTybIrmySwLznDLMBvrwDLMaIC
mgrt0_si2080,vySwLDaLAnIywLhIytLAsJ
mjfc0_sx43,lnBLkwByLHyQcBratwDwLJLABPLmwD
mbdg0_sx293,LHByKLMsLlwJLMrmyLAMsLhBLABaJLMclwLAByDwrKtrCy
mrtk0_si1093,ScmnBCcLJwDaILhyvsQwraILkyJgJyt
fdhc0_sx119,lwCwJLABFSwUIyLMIbLMrLkSwLlwDcLHFBwLzy
fadg0_sx289,SnwlrLHIytLAcBaKwUrQwrwTPJtcBwDJybmB
mtaa0_sx205,CFLMryLHrJDaIwLAJLHnLMwLMPLhsLuFQrCwDLBOmrU
majc0_sx385,vwKFBLkrtnBLnUwtwLSrLhIFLAwD
mroa0_sx137,MrLkwKDLASarULHIDBLHIPQBLtIcDLkIsLzLCnDrLz
mrjr0_sx282,lwLMyNnIwtrLkaLMwLAaCSwDIaLzUrULMPyNnBeL
fnlp0_si1308,wDLMymwmwULHaJcLhBLMwJcLHInswkBLiaCLHnICEDwstcQDPLuByIrtnLJ
fkms0_sx140,bLurLABLMIBLHIamwLAJaILcDyQwDByLkwJLMIwLhwmw
mgjf0_si776,kPDaLMraTaIDLMPLMsLM
fdrw0_si1423,heLkacDvyLkamcLMwLhBF
fdms0_sx138,lwLABwDUwyLAcJLCrJLHwBJDwLAJLHnDJcQLHrtTPC
mwew0_sx101,knDwLurDKwBLrwDLknLArsLlrLABbJIrDUQIaDaBcmsJ
mgwt0_sx9,vSnISryBQSgBySrcFSs
fkms0_sx50,AbmwJLMIatwLAQcDaCwLAcLhbLAJLDwLuBnLlcLHaI
fcmh0_sx284,zntLlhaTPaILuTPLkwDtsLhrcQwJnDLMtTPLiLHrLiwJ
mbns0_sx140,LuIrLAcBLiIBLHIalcLJaIcDyQcDByLkwJLMIwLhwLMwL
fjem0_sx184,wLAbLJLCyeaBSsJvrLUCgwTrU
mthc0_sx385,vwKFBLkrtnBLMnUwtwSrLhIFLAwD
mjmp0_si905,vwUSrLhwLTbDzwJwLAJLksUzbtLMcLctBg
mrjm4_si859,sDaELAwDLMrLhyLMrwLHBbDCTPUySFDLHsatIlcSrLArwDLMwBwIwLvgrJ
fmml0_sx320,wDnIwJwDwLuaLCwDcLhySwQwDSgaLAwELkwJLMDLJ
mgrt0_sx280,lyBsJwJLScUwCrawLz
mgjf0_sx101,AwDwLaIDLiwFBLzwDLknLArsLMrLABbJKIwCUtravaBcmsJ
fdms0_sx228,kwvTPLHGDLMFQwBcOLlyFKD
mgjf0_sx371,IgLDeCwDcLhylwLhnJLMgCLtrLhwUDcJLCrLzrJ
mjln0_sx9,SnISrTPSnBSySrSw
mnjm0_sx50,AmcNJLMIatwLAcLAcDaCwLAacLhbLAJLDwLuBbLlcLHaI
fdac1_si844,lDaJLMbLCwLAFBcQtwKcDUsywUwLisQLbLNywLAJLHbDLMJcQbLiaBnwLALJLHwIywDLJ
mbwm0_sx134,kwJnCLhrwDLzDwSnrDgJLCcDJLMcJLHnDLkwDCgbCy
mdlf0_sx143,lcJeDkcQLzwDrtrULhTPBJLAwrLlybDLMB
mcmj0_si464,lwLHIaJLMnLMwQLAcmwELhbLAJLHnDwDvwUDrDLHMgUwScDtInDwLucQrDr
mwew0_si1361,ScmwDwJLScDJnLKDSySnBLAcCLkamwmrU
fjem0_sx364,yLzcDLMgCBywELAcCBaJLAFSwDJgmwLkSwNcLhIsLkaDwQwvymwEJPJLMwCLHaI
mrws1_si1130,KwlwLAJnBrIsmwELuInlNwQLMnLDaBcLzvylwDcSaIDcJ
mreb0_sx115,lynCBcCLkwLHsLAJyLAIaLHBwJaBcLuBF
mtdt0_si994,vrJLMcmywQvwJLMrIyScULHIrJwJLMcDByLHrJPLk
mlll0_si1363,JcByULHwLAwBsKwDJLCsbJcCnIwLclrUKJcCScDwCLhwLTPcJ
fjem0_si1264,knDJwUaBLkwDPLkScNBaDLrJLHFLAwDQrUJPU
fpas0_sx44,hJLAwLQhBLAwDLhywDnDLMrLMIsDwEULhaI
mrcs0_sx323,lctaLHIwQnDmwLlwCtIcCrIgQwEcDLMgC
mcmj0_sx14,taILNnIwUlnUwLuUbCIyQTPrnQytaICPIrc
fdrw0_sx113,nwDCcJLATBbLkwCwDLwULuOLktIwTLhbtLALM
fdhc0_si1559,lwKPByQyUwLHIaLAwCsmwLkSmySwJtyByESwlwDwCJnBt
mtls0_si2000,SByLAwELuwmwLwtSwLkwsLvwJwLMsKDyw
mrtk0_sx103,AaDnCLhTwBcDUtrCnmwLABJwJLMDJ
mbpm0_sx227,wLJvnBNTrLkwLAOLASwNbLirLr
faks0_sx403,vrSaILkIFLADJnJcQFDByJLArLMJcDLhBgLJwJ
fgjd0_sx99,CwmyQBJcJgwmySwULhsJLMrcvgraILAyJ
fmml0_sx140,vnLrLAcBLiIBLHIamcLAJcIbCyQcDByLkcJLMILhymw
mbpm0_si947,tTPIrcBnIwUcLHrLMnLAwLhgUcDwE
fnlp0_si1938,tBagmwLSwDLkFULuBFLzwBLhIgLNPlwLkeCLHar
mjfc0_sx133,HyLMJwIywUaILAwDQyDywDtrLASwLABcDLi
mlll0_sx103,AaDbCwBwDJtrCcDwLABaJwJLMDLJ
mroa0_si677,ACLHrScLMIwDULALhyDFLmcPLlwBJLSr
mtdt0_sx184,lwLAsbLJLCyTyewUvrLiLCgTwrU
felc0_sx126,aImctwKBwDLMnBcLzwDJcJtrIyB
mteb0_si503,lwIyaJLMwrTnIsJy
fadg0_si1909,tbLKFLkwDBPJIFBULhwmDyNcKr
mcsh0_sx199,TcELiwBQrwDKwmwQGmwLAJLHFKrLMPLAwDLMsLzOJLwUyUwU
mjfc0_si1033,wtLkaILAsClsSLkBPUvr
mrws1_sx230,cBeBySsvwrILIbKDBSgUaBrU
fedw0_sx4,zsCsnIwECaICgDwLheSarLAwDvaILk
felc0_sx306,cLiFUJwDtTPSBLhyLAcCLznDvBJ
fnmr0_sx229,gTwBOLAwEtaICLHBgCwDLM
mrjr0_sx12,SwBIaLCwDSnrsTwBFBwBy
mpdf0_sx102,JLHnKBLMbJLAtaIJwULInJLAyPvaJLMwLzwUJtIcCLAwLDbLHrJ
fpkt0_sx368,BaIyJLAaJLMPCDPmwLhBbLuBcLcLhyLAcCLHByByFBwLuwD
mmdm2_si1555,cJByLHyQGJnDLJrLk
mmdm2_sx192,JLMIavbLJrFmctbnKDlwJwr
mbwm0_si674,lwJwJLDFJLHnLMsmrLMgcLHwLAJLHwIywDLMJLlnQIwScDwULMcLhywLHrLMwJLHwD
mwew0_si1991,BamcQtyLHBIFDwJLMIyLMwDLAaJLMwCEUwDCbJLAJLwDnQwEcCaB
fpkt0_si908,SyFSwUJSyQwLkgSQScNrLhPLkJcD
fjlm0_si1043,DaJcLHIgUwEByLlwJwLHIFLiLkwLDeSnrLA
felc0_sx396,lwtwtKLhwLunDLMByLHIwDLMwLABycDlcJrtcJcQlcJLCaEBsLA
frew0_sx290,lwJLHIFKrwULHcLMwLuTrBywDtaICwLMwtacLHIwJLHnLMwQLhgr
mgrt0_sx10,cvITwrLuIsLUvgrmBaIrlcDbDJyUJ
fmld0_sx295,wtLATwIBLAcCULMcCaBvbLrQIsDLztrCymyEnDLMP
mcsh0_sx109,KyJBLMwDJLHIsDvrsELABFaDlcJLMyLHJLSBFLH
fmld0_sx115,lywBcCLkwLHwLAJlwLAIbLHBwQJaBcLuBF
fcal1_sx413,kbtLDyJLSymwKLDsmcLHGDLJLAaItLCbLiLMrJLArLM
mjfc0_sx223,HSOLcLhBwLirLhBaLMsLhBwDwLuraLz
mmwh0_sx189,wJLMInQIyteIrBysmwLMwCgamwLMJ
fpkt0_si1538,cLAnIwLzLuAIcDiLhgLULMwCBgDLMtwBLMIwELNPlwLuBPC
majc0_sx295,wtLAIcBLAcCULMcCgBvbQrIsDKtrCymwEwLMP
mbpm0_sx407,BbtLMbDLMUDJyEwtaILiwCJLBgBUcLHgDTP
mmwh0_sx9,SnISrTPSaBSySrcSs
mmwh0_si1089,HrIvbLHJNwEULSIyQwDSrJlnD
mrcs0_si1853,lcJwQnDJwLArLknDQwLMwCULisDwDwLHwIwDLJLnDPSwDUrIgLk
mbwm0_sx404,haILhrDLHsLHrwDByLJwDcLhwLhaDtar
fcmh0_si824,JnQBtrCUCrLiwDLkgUyEwDUgDLHInLHrsKwDNIPtyLCbDwtbLKrwU
mdlf0_sx53,yQwDwJcCLHBcQBLAbIwBnIyLAwDLMsyDULJcCLhBJ
mbdg0_si1463,SwLAbDvSnQrCbLAJwCgJwLJwLAJLHnLMwLkQgTP
mgjf0_sx281,lLAIywDLMIwKLHBsLMbLuSwNLhyLiLhaBJtrerJ
fdms0_si1848,SyLAwDLkgLMiPLIyLwDkgBgLAIwBLHyLHB
mdls0_sx8,vSgyTnBSrsFrJwByagmcCJ
fjlm0_sx323,lctaLHIrUwDwLlnCDtrCrIaQwEaDLMgaC
fedw0_si1714,vwrJLSrBcLALSOLDaCcByJLMnLhwD
mnjm0_si950,rLbUJaLiLlnBScULhyTaCLHaBcLMnLJcDvbDcBScDyDcLMcJBlcLAsKcDEDLhgsCnJwLz
mjdh0_si1984,wDSDgJlsSr
fdac1_sx394,AeJywCsLJLhFDJwDLMyNJLMIaD
fmld0_sx205,lcBwLMwIrLHrJwDnBrLALhnLMPLMPFLhsLucQrCnDaImrJ
fcal1_sx53,yCwDwUJwCLHBQBwLAbLhTwBnryLAwDLMsCJwCDLhBU
mlll0_sx283,HBbDLkLHwrLvOmaILurwUsKwDJLHCFLhrNLAwDLMIB
mbdg0_sx23,cULCPUwKwDUvaICcDgsULCaIQcBcJLBy
mpam0_sx289,SnlrLHIPQLAcBaKwUrIQrTPUtBDJybmB
mrws1_sx50,AbmcJLMIatwLAyLAwDcCwLAcLhbLAJLDwDLABnLMcLHaI
fmml0_sx50,AbBwJLMIatwLAwLwDcCwLAcLhbLAJLCwLABLlcLHaI
mdls0_si998,TnLlsNrIgQlaDwD
mrjr0_sx102,JLHcKBLMbBJLAtaIJwUInJLATPvaJwLzwUtICLAwLDbLHrU
fmah0_si659,vyJsJLMIyUvwUFBFeDLvynmyLiQCsBlcJInLAwLDgJwUFDvysJLMIyswDn
fedw0_sx364,yLzcDLMgbCBywELAaCBaJLAFwDJgmwLSwLlcLhIgLkeDLcQyvyLwEuJwJLMwCLHaILM
fdac1_sx124,gaLzwLJLCsmwQLHTPmrLhTPOmctB
mwbt0_si2183,hcOLJctcFKDOLAJ
mtls0_sx110,lcLhbJLMSgsgLMcCrDwULMwJaQnLAJLMrLHIaLHBcDLJ
mjmp0_sx365,lwLunDCwDLAnLMwUQwLMwCLAaIDrLmLMsCLHBGDLtvwNIyerU
mwew0_sx281,AaIywDLMIwKLHBsLMbLSwLhyLzLhaBJtrerJU
mers0_sx119,lCwJLAIFLScUIyLMIbLMwLkLScNwDcCLHaBcLzy
mmjr0_si2278,uTPLMsLAJwDtgLAeDyULMPLhnLkIcCU
fjmg0_si551,wywUwCnlwrnlnDaLMwJLMyLiaBLkLtaBLM
mreb0_sx385,vwKFBLkrtnBLMnUwNwSaILhIFLAwD
mlnt0_sx372,lnLkgwLuIarCswLAJnDJLDBybtLMrCcLiJLMkcmy
mjln0_sx279,bBcJwUlwLhwByLMPcSarLASwNeLJPLHrQTKwDLvwUDFSrUy
majc0_si1946,lwrInJBwDLHIaLhBcCScULhgDFCDyDJaBctLM
mjfc0_sx403,vrSaILuIPLADJwJwQFBFDByKLMrLwDLhBnJwUJ
fsem0_si568,vbIgwUlwLAbKBJLMawDcLAIcKLMcDCgDSaLBnNr
mgwt0_sx369,haLHsLHrmFQwlcBwQwEIwCDTwrBLJ
mbns0_sx50,AnmcJLMIatwLAyLAwDaCwLAcLhbLAJLDlwLuBnLlcLHar
fedw0_sx184,lsLAbLJLCyTeaBSsUvryLMJLCagLTwrU
fmgd0_sx214,lwCaIDwELkPcDlcJLgrSnLBwJwDkwDlJgcD
fjsj0_sx224,vgLuLUvTrwDLzrIwDLMJ
mklt0_sx223,HOLcLhcLirLhBaLMsLBcDlwLkraLz
fnmr0_sx319,cLhwLuFLMLgLkBybCLhBLkcNIPlwtICyaIL
mers0_sx209,CgLABLAcBILlcLhnLkIcCSaBLScNLAIeDLU
fdrw0_sx293,HByJLMsLlwULkrLmyLMsLhcLABaLMPlwLAByDnUJtwCy
mmjr0_sx388,vrIgvbDsLAJLSDnQrlcLhnICnLMrLMLHInKrLinDLzwU
mmdm2_si1452,HFBLMIyLIyUcBLJcQyIysKDLMnJLcNLHFBLMIyvnQwDLASGLJwLAJnJtB
mbns0_sx320,lwDwIJwDwLuaLCsDaLhySclnDCSaLAwELkwJLMDLMJU
mjsw0_sx290,lwJLHIcKrwJLHIwLMwLAcBywDtaICwLMwtrLHrJLHnLMwQLhgr
fcal1_si1403,nSBSsUlbDLkwlwLHsKwDJgLAwLABLhBgDwULCbDwtwJwLJnBt
fnmr0_si769,JnmwJgLMPLkIgSwNBwmaDKwLrLhFB
mlnt0_sx102,JLHnKILMbJtaIJwUInJLATPvaJLMwLzwJtrCLAwLDbLHrJ
fcmh0_sx14,hytaINnIwULkyUwLuUbCLIyQTPnrQIytaICywcBc
mdls0_sx368,BGUJLAaJLMPDymwLhBbLuBcQLMcLhyLACLHByBynBwLuwDLM
faks0_sx223,HBOLlcLhBOLirLhBaLMsLhBcDEDlcLuraK
fdhc0_sx299,KswELAIyCwULHaLHTwBrgmwCcDvaBrSyD
fmah0_si1919,nQIyBPQDwJyCsJyCLkwDnJwJNwIBwEDGUy
mklt0_sx313,kIaLtgtBICUDlcLhaLJLSctaITLuTcBe
fkms0_si2120,vyLHagULkLlnDwbmwLkLnQIytwEcDwKwLHLwUcSnLHD
mcsh0_si919,aQlywJKBylcLhIgmBLHnrvUCwDycLzcJLCcDLiJLMCsLMwlnrDPJwLiPSsKwD
mjar0_sx188,vSaNrIgUlycDCcCwmwLknLJLHnDJwLAaeD
fnlp0_sx228,lcQTwLHGDLcQrBcLlysBKD
fjem0_sx4,zsDCsrCaICgDyLhgSrLATEvar
mrws1_sx320,lwDwIwJwDwLugICDaLhySwNvwDSaLAwELkwJLMwDLJ
mklt0_sx133,HyLJrIyrUwLADLNwETwtaILASwLuBncDLi
fmml0_sx410,uIwLhgUtrKLCFBLAyLiLSyLksCaIDwE
mwjg0_sx134,kyJnCLhIwDLzgDTPSrwcDgJLCcDJLMwJLHnDLkwLCgbDwy
fadg0_sx109,KyJBwLMkwDJLHIwEvrbELABaDcJLMyLHJBFLH
mgwt0_si2169,cLJLMnIULhwUJwsLtyLiaBrwEBgLAIsDLkIbLHJLHbLvrLkrIeDLMvrQIwC
majc0_sx25,FDBsBaGrUBcQDwBywDrJ
fdac1_sx214,lCaDwELkwBaDlwJLHgLmSnLuBnJnDLkLwDlwJcDk
fjlm0_si1673,SnDLNsELvyNaLDFLSmyDFUcLhbmwTn
faks0_sx313,kIaLBgLtaIEJDcLhaLAJLhctaIywLuFe
fsem0_sx298,aLInlcDaLhgQlyKPwUwCLyBQrLiaILzULk
fadg0_sx199,TcDLiwBLkIDKOmcQGLmwLAJLHFKrLMwLAwDLMsLzUJLkwUyUwJ
mwbt0_si1553,veSnQclcBwmrIyCsyLkaLbDLMOLhgJnQIBLkcUcDBcDLMIPCLJcLHrU
fdac1_si1474,vcJLAycECbDvyUJbLSwNLCaLkOcJLMsJL
mlnt0_sx192,yLJLkIvbLUrvamctbKwDLkwKwr
mreb0_sx205,DFcLMrIyLHIrJDrBaIwLAJLHnLMwLMPFBLhsLuncQCwDaImrU
mnjm0_si1580,lyaBGwJbCLlcvbQCcDwDwLwDvnULHaLAw
faks0_si943,HIwLkcLAKDwDCytaBtBaILhcBFnLAJLHwLMsKcDU
mgrt0_si820,hglbLMLScDtyBUBncCnLwcmwLtaIJcULarULznwnDIcBLbUwBnLMrLABtaIJwJ
mtls0_si740,kPScNeLtnDLJyLHMsLhBLaBNU
majc0_si2095,CgLkbLkwmwLDvyBlwQLMPLuIsmsLz
mdab0_sx139,lcLhcDLuBFcULHBcOJByJwLiSwmwLkwKaI
mteb0_sx323,lctaLHrQwDwDLknDtcCDrIgQwEaDLMgCD
mbns0_si590,hIwLzwULMnDBUcDtnIyUaIlcCFJLAaCcDCnNlwLUcQIwQrLAIaJwELJ
mjfc0_si2293,lFUSrJLHnKBylcSwDUnLMaBclwLuIFDcLJBbtLMnLkBemwJLM
mers0_sx389,lseDLhwLuveJLwDlICFLAcDLMIyJgLk
fdms0_si1218,HcBwLJCaIFQrLPSnBgvTwCwDLHbKDU
mjdh0_sx4,zsDCsrwDCaICcDLhgSrLAwELAvaILk
mpam0_si1189,sLtTOBLucDUSrLAbLirmwDLkwUwKwD
fcal1_sx323,lwtaLHrQwDwLlnCLtrCrIgQwEFcDLMgC
fnmr0_sx49,cwLMSgBgLcCcDLMLSnBtLksLSBvbQtKcLhBy
mgjf0_si1901,cSaICLhIyULHBsmwLAIaJLMwLCPQwEwkBgLASsQU
mtas1_sx28,hsLlnLuaILktrScDLunBcICLcQLubJ
mwbt0_sx293,LByULMsLwJLkwPwmyLMsLhBcLABaLMwlwLAByDcUtcCsy
mdab0_sx49,bLMSgBsLMcCcJtSBatLlsBvbcKcLhBy
frew0_si1030,hIyESylwtIgrLAInLALJ
mgjf0_sx11,vySaBerInIrBg
fmld0_si822,DFLHrLcLAKwDCsLhywDLAIyJLHIgmybDLIsDLktnLMwQLHInrLHryUcLlwJLMIcLu
mmjr0_sx208,IaLhJvnLHglcLHaDLkLDJLAnLiLlwJLMIsLuyJ
mdlf0_si953,vwJLMaIwDUwQvnLMPIyUwDUtrLHrJwJLMyDJFaEwDlnIDQInJLMwLusKwDJ
mthc0_sx115,lywCLhBwDLkyLHnLAJlwyLAIaLHBwUaBwLuBFB
mdls0_sx98,unJlwLASnJLwDtcClybDLJr
fdrw0_sx23,lFUCyPUwKwDUvaCwDgwULCaQcBJBy
mbpm0_si1577,hIDgUgLhIeCcJLMbK
mrjm4_sx49,vbLMIaBgLkaDlcLMSaBtLMsSBbKwLhBy
mmdm2_sx102,JLHwKBLMbnJLAtaIJwUInJLATPvaJcLzPUtICLAwLDcLHrJ
mrcs0_sx233,vgSsnDktIySsCyDlwJsCNwE
mbpm0_si1584,InLMrIUatwCLATrywJatwDLMnCLMwLknJLASnKLiDJLhmyDnQrLkw
mthc0_si1645,JcLiLaBLMcCwUcCScULADLHByBycDLzcJLMctgLk
mrtk0_sx373,wCaIwEDaQBwUsJcLHrJByLHwELHsB
mwbt0_sx203,lwLAaUSswDLkwLkcLhrcLHBsyLbLlcKar
felc0_si1386,wDcSsLzKLDwDLuFKysKwDJlywDLkwJLMIyLhaILuwDUcUwTPDnLSwlwJwDLuFBywDTwD
faks0_si2203,lwIyJgDJtrLlwJLMgQJyCLktPBwKLDe
fjsj0_sx404,haILhrDLHsLIwDByQUwDwLhwLhgDtBgr
fkms0_sx410,uInLhgUJtInKLCnBLAyLiLSyLkwsCaIDwE
mcmj0_si602,hwLlwKwLHJrQnIJtFDewnCDSyLkFDLuwnDJCwJnBrUnDyCaI
fgjd0_sx369,haLHsLHrmFQlcBwQyEIwClyrBU
mglb0_sx364,TyLiDLMgCBywDLAwCBaJLAPcDJgmwLSwNcLhIsLkaDclwvymwEJwJLMCLHaILM
mthc0_si1015,vbsynDLHbKraIlyclrLiyJaIJcUcQBgQJLMaLAtyLk
mmjr0_sx298,gLkIbLlcDaLHgQyKPULlwDLQyFQrLiaILzLk
mmjr0_sx118,lLAcLQgDaBlwELrynwDJLvbBaILzLhGFB
mtdt0_si2254,ASgByvyLkwLMrCwDctGBvr
mpam0_sx109,KJBwLMwDJLHIsDLkrgELABaDlwJLMyLJBFLH
fjsj0_sx44,lbULAcLhFDLACLhywDwnrLMnDyELuJLHaIwLMA
mjar0_sx98,unJLASKwDtIcCybDJr
mjln0_sx189,kwJLMIGnQIytBrBwsmwLMPCgamwLJ
mmwh0_sx99,CwLkyQBJgmySwULhsJLMaDvgrLAyJ
mpam0_sx19,cBPDwDCJcQSrLAwDatDLhytBwCUy
mglb0_si1534,wUwLhyLAcUcCgJBcQcDBwDnJlwLvwrLuIFUcCgtsJ
mwew0_sx11,vySBcBerQInIBg
fjsj0_sx314,wNLyLHBQSrCaILznDIcUNSwLhyEDFDyLktaISnBNwr
fmah0_sx299,JsQwELAIyCwUwLHaLHwlrgmcCcDvaBcSyEC
mwbt0_sx113,sCcJLAwBcbLkcCDLwULuOLktaTwLhbLA
mklt0_sx43,nBLkcByLHyQtcBraBtwDwLAJLABPLkwLk
frew0_sx110,lwLhnJSsmBrwUcJaBLQnLAJLMIcLHIaLhBcLJ
mglb0_sx94,TcEJLMwUBcQLAcaCDLAbDLkyTyULMIyLMJ
fcal1_si2033,OLhywLABaBJBKsDLkwNIFBSswJLMaIyBgLlwJ
mrws1_sx140,bLurLABLMIBLHIamnLAJrcDlyQwDByLkwJLMrLhymwLk
mdlf0_sx323,lctaLHrQIwDwDLlnCtrDcIgQyDaIDLMgC
mlnt0_si1574,hBgJLSaIDLkrIeDlcLhFBcQDnDLMFBUJwDSwLMvyCaLlsLhBaILhInLM
mrws1_sx410,uIsLhgUtInKLCFLAyLiLSyLksCaImDwD
fpkt0_sx278,MPtrlrvwULHIwJLMyLiyLAsKDwIyUlcSaBJLMIyLzrDB
mrjr0_sx372,lbLkgLuIbCsLAJnbDJFDBybtLMrCcLiJLMcmy
frew0_si1910,vyBwQLkwDLhIyLtrlCcDwELAcQcmy
mtdt0_sx364,yLzcDLMgCBywDLAcCBaJLABcJgmwLSwNcLhIsLkemcQwvymwEJwJLMcCLHaI
mdab0_si1039,vyvnUDnQrvCJnBtLMcUsvstaBSwLiLMcLhyvsmwLSLiwQnJvbnJ
mers0_si497,lwJLHBswUBbCLJLlcLHcLHcJLMnQBgLlwLiwBLkrwDLybDLkrLkwLArmwQbLAJc
mdab0_sx319,swLhwLuFLgmwBybLhBLJlwtaITaILk
mdvc0_sx36,FDBylwCFJLMwLAaCLHBwKaImwJLcLMsDLHaLHTyBnrmy
fcal1_sx143,lwJbDkrLzwDtrULhPLuBJLAwrlwDcBF
fnmr0_sx139,lwLhcDLuBFScULHBnJwhByJwLiPsmwLCwlwKar
fnlp0_sx138,lwLABcCUyLAcJLMwCrmJLHwBLJcCwLJLHwDLJwQLHrtTwD
mtls0_sx380,SgLiaILzCcDytrJnLiLuaILHwLz
mbpm0_sx47,CaCULMIaEBwLkwJBgLAJbLHcLMgUrJ
mroa0_si1307,lwJwUDFcDwULAcCtLCsKLDBwDLMcLHy
mlnt0_sx12,ScBaLhwDCSnryTBFBnBy
fnlp0_sx318,MJByJLMwsELCcCLlcLMsmFUcLhctaItIaBJLM
mjsw0_si1010,lwJFLAaBLQnLicBgnQIywUlcvgrLkbDLkFJLhrCwQlynLuJgULkLJyLk
fcmh0_sx104,vyJLkFBcLkgCLrcCcLhsyLur
mdab0_sx229,gyPcLytaELHBwEwLM
mrjm4_si1489,vbLkBaJLAPFBDLlcJsC
fdac1_si2104,vaevgavyNJaLsLBbKLkQGJyLnbLBgbJLM
mwbt0_sx23,lFULCwPUwKwDUveCcDgULCDaQcBcJBy
mtas1_si1473,TFymwDctLvcDy
mtls0_sx200,IbBtLAcDLMIFLkwJLMaLHBaLitrDlcLHyLirJ
fjem0_si1894,CgtalnIwbDvwCaIQvTwrJwLAJyTwrUcLuF
mjln0_si2079,lswLJBbLlsrtgJ
mrjr0_si1182,BcmcJLkwtInDKiyskctTPclyUgLkywU
mrcs0_sx53,yQwDcJwCLHBQOLAbLwBnIyLADLMsDJwCLhBJ
mcsh0_sx379,HscCLuwQULIgQyEBnJDUcaDLNrULkyU
mdvc0_sx216,lcJCaBLhGLHOLlcSaICaDlcvOLA
mbns0_si1850,cLulOLkCaIFLMwTPCgLhGSGs
mjsw0_sx20,KySaISaICtByJySOBDFQraBU
fjmg0_si1811,HInUDBsvwULSamrLhInlrJnLhInJLMcJBy
mjdh0_sx184,lwLAbLMJLhyeSGJvrLMLCgyrU
fdms0_si1502,wSwUDcgLUbLAByLHbDwLAvsLustLSsLMyLhwLHsLAwLDaLzwJwLlnr
mpdf0_sx282,lwLMPNtrIwtrLaLMwLAcCScDIaLzrULMPNtcea
mmdm2_sx12,tLSBIawDSnrITnBwBy
majc0_si835,JsBULCcDLiwLHwJLMwBLDnJwJnIyLhcmwLMJwLkwtrDLhIbDLkwQJsBUCwDLiw
mlll0_si733,kPcQGLHcELKMIyDrLAmyDwDLMwCyLJLMvnJlcC
mwbt0_si923,MPCnDmynLAJLHrLilwJLMInDLScUwDnQclcLhFB
mlll0_sx373,cLhaIyDaCGJUwJcLHrLJByLAwDLHnB
fjsj0_si854,wDLHrLzwDLMwnLAJUgULlrLhnDwtwLJ
mroa0_si1970,lLlwLAIwBywLkwDctFLSwDcCIyCLADLMPLkwLkaDwUDLADcSFDwBULIrIeDLD
mbdg0_sx113,cCcJLAwmraIaLkwCbDwJLuOLktyrLhbLA
fpas0_si2204,HIwmyJPmaCwELAwCcBaDLAnIwDwtBLkmcCLhIcBFUcSaLAwDJwLA
mmwh0_sx369,haLHsLHrLmFrBwQwErwDyrBJ
mjmp0_sx275,JLMyQaILhIsLIsLkLAbKCwrJLSnmr
fjmg0_sx11,vyScBcBeLIsnIBgI
mdls0_si1628,lwJLCgvDBnLzrvwDtaICLMwQwDwDcQUaILkSBs
mtdt0_sx4,zsDCsrDCaICcmyLhgSaLAyEvaILk
mjdh0_si724,wLwJLMIyCgDIgtBtbJLMDScCsLk
mgjf0_si641,ABnQrBgLMJaDULSrFQrByLAGLMIbLzcLAJaDULcBwmBLMPCnBcLzrCbmwLA
mwjg0_sx404,haILhcLhrwDLkLMsLHrwDLhByCUwDlwLHwLhaDLtgr
fjmg0_sx281,AaIywDLMIsKLHBsLMbLuSwLhyLiLhaBJtrgrJ
mbdg0_si2093,vylnDatrLMwUFDwbJLMwCwmclcSnlrLSwLiSwULUcDwDwUybJLMw
mdlf0_si1583,trScDJIbmwLABwUcCScUrInLAcCwDLksKwD
mgwt0_si1539,tlwJLJLHcCBLkvbCbUyJLMbLuTrLktarwLk
mtaa0_si1285,tnCByIbKLDyELHIaLhBwScLhyDJrw
mbdg0_sx203,lwLAaUSywDLkwmwLhIcLHBywNlwKaI
fcmh0_sx194,hswDLzGwSnDgaLkwKwD
fmgd0_si1564,gcULhwDIyScULheDwLhgJLDsLuIsFBtnDwUbDlnISrLuIsUwELAbmcB
fjlm0_sx143,lwJeDLkcQLzwmrtrULhyLuBJLAwILlbDcBnB
mglb0_si904,vyLHwrLkwvnLkwELuIbDLkwUrIncIcLMIbLAJLAwCwDLMwQTPcLunDLhcBF
mbns0_si1220,lsaBJOBScDCcDyLHInJLMymKwDJwLATrLy
fjsj0_sx134,wUwCLhrLznDLIwrDgJLCcDLJLkwJLHnDkwCgbCy
fsem0_si1828,bKBylsJnLvyLkwLJByLhcLJBKaGBywDtwLwQBsmnDTwtrLua
mcmj0_si1094,CnILAwDwULHsLHrIyQTPrULCgLMwLAawULMgsULDyFnJLMwLA
mdab0_si1669,hsLJgmwLkwDLkFmcLkDctgrJnBt
mnjm0_sx320,lwDnrcJlcDcLuaLALCsDaLhyScUvnSaLAwElwNcDJ
faks0_sx133,HyLJrIywUaILAwDLhyETwDtrLASwLABcDLi
mwew0_sx191,SwLkIaBtFDybLAyUsKDUwScDLMJ
mtaa0_si596,aDwyUlBstIwBsLAwDIFag
fcmh0_si2084,ScmcLhemwLMyIwCLknC
mpdf0_sx12,SwBIaLhwDSnrcTnBFBwBy
fnlp0_sx48,uBwCclrseLuIPvrcLhIyEywDwCLHnmwLAvFLkU
mgrt0_sx370,lcDCGULHIaLBcCLuIFBUCaIcDGsyEyLiLks
fjlm0_si2303,wsDKaInDLMwLhaIwDaIQrBtIsULJBgnKLMyChr
mdls0_si2258,TPwDcvrySIDTwBC
mcsh0_sx289,SnlrLHIPtLucBaKwUrQrTPJtBScDJybmB
fcmh0_sx374,zaDLAByDULKnBtwKtaIBwQwE
mrcs0_si593,lwLubBcDLMvbtJwmywULkgwEDcDwLJtyLM
fjmg0_sx101,AwDrBaILDKnBLkIwDLknLArgLlnILABbJIbCUtraBvacLksJLJ
fpas0_si944,wlctaICwUInDLMwlcrInCcJLhLHnsLk
mjar0_sx278,MwtrlrwJLHIwJLMyUvyrLAsKDBwyIyLUcSaJLMIyLzrDB
fdhc0_si929,hcLMJnLiLAwsJwUSrwDlcLHbJLMncDTPKPB
fmld0_si2185,KyJwLiaILAJnQDFLhFDUwDMKICDLMJLSnCLhbLASw
fdms0_sx48,uIFDlclreDLAIPvrbLHIyEywDLHvnDLAnLMJ
fjsj0_si1484,lnraBUFaDcJLJyLArUbtLMrLMIyUJ
mmdm2_sx282,lcLMPNtnwIytrLAuaLMcLAcCScDIcLzrULMPtwB
mdvc0_si2174,aLKcmcLHLvyJwLk
mklt0_si1213,CgBDwLAJLHILJwUQtaBcJwCLHBrBgCU
frew0_sx380,ScLiaILzCcDytrUwLiLuaILhwLz
mjmp0_si1791,DFlcCsbDScUDaDcLKeDLvyScDLkrLkvbmyLubLMgLmcLScNwJLMIsDr
fkms0_sx230,cBeBySsvwrLhcIsKBgULaBnrJ
mgrt0_sx190,JrQUwLAFBJBcvbtKrcvbLlyGB
mroa0_sx47,CFCULAIaESyLkwJBgLJnLHLMnUrU
mthc0_si2275,wmkaBLkwLhOLAQnIytwKDLknDKwLKsQ
mtas1_sx208,IaLhcJbLhglcLHFaDLkwDJLAbLiLlcJLMIsLkyJ
fgjd0_si818,hFDJNwELAaILABwLzLMIywDULCDwLHaIBywDLMAbnDLMPIwtBnLwnBLMJaDwLAJwLDBJ
fkms0_si1490,HbLHJwScUIgLMLHvbLHJwLSULkIcnJLM
fkms0_si860,lyUwDtBPLkLlByQUwQbLUDJwJULwBwJwUwDBsatJ
fdhc0_si2189,TPJalwCaBSyULMwLuclrlFUTwrU
mteb0_sx143,lwJeDLkwQLznDrtrULhyLBJLAwnrLlybDcBFLH
mjsw0_si1640,veLkwLCScDLzGElnC
frew0_sx200,IbBtLADLMIBLlcJLMaLHaLtIcLhBsLirJ
mrtk0_sx193,SgLCgGFScDyaSwUTPUCagC
fpkt0_sx8,SgTnBrSaIyFQrJwBygLcCJ
fjlm0_sx413,kntLyJLSymysKLDyBLHBwLJLAaItLCbLiLMvrJLAr
mreb0_si1375,atwDLkFCwDwLJLMInJCLHBbwDLkwLAsLMyJnDrIwEcQwLMnDiKwDaImwCFKwD
mgwt0_sx99,CymywQcQJcJgwmyScULhsJLMaDvgrmbrLAyUJ
fgjd0_sx189,kwJLMIGnQIytgBIBsmwLMwDIseamwLMJ
fcal1_si773,BnmaBLHIaLznLAJLMIgJBaBytrJnQIBLksU
mjln0_si819,lsnItaIJwUcCaIBsLDPDLlwDwDcBwLMIwJwLkyLnbDBnJwDwDCbEwNwUcC
mtls0_si1370,SwCsJIslnLvwUJLHIaLBcCScULkgLDFJLMLlwLlnLvwyIwtTPJLMIyLCwD
mthc0_sx205,DPcLiryLHrJDeBvaIwLAJLHnLMwLMPLhsLucQrCDLMaImrU
mpdf0_si1542,lwtyLkSaraICyKPJwDaQywJLkwJIyLHnr
fdrw0_sx203,lLAaUPSsDkwmwLhIcLHByLbLlwKBc
mroa0_sx407,BeFtLhbDLMJLwDJyEwtaILiDJLCFBULHFDTP
mmdb1_sx185,lMwLzwLhgnDyLAaImrIgyFQraBU
fmgd0_sx394,AeDJywCsLAJLhFDUwDLMyLJLMIaE
mgrt0_sx100,HIaLznLkwQnBDCwDLScULHIcJymyECLMPJLBFBy
mmdb1_si2255,vyJScDrecLkvgULMSaILlcLhnLkIPBcCLJcCtwtLMytymcSs
fmah0_si1289,ntBsDSwLvyUnLHsr
mtas1_sx298,gLuIclwDcLhgwlyKPUlwCLhyFQrLiaILkLM
fpkt0_sx98,unJlwLAScKwDtIcCDlybcDLMJrL
mcsh0_si1549,TaBKwmcQSnLCyLkwPacLM
fdrw0_si1283,lwQwEwDwKnBLMJwlwQIsmyTwBbLMNwIwmyctaBbLwLAsUQIbLHcLBynLtarJLM
mmdm2_si2082,vTrLhGBlwECnBLAsDTPr
majc0_sx115,lynCLhBcCLkwLHwLJyLAIaLHBnJLaBcLuBF
mthc0_sx295,wtLAnDIaBLAcCJLMCaIBvnQrQIsDKtrCymyEnLMPF
mmdb1_si1625,vwCsLJLhycELAFCLHrLhB
felc0_si2016,vyQaDFUIFLHJLlcLhFLMJLAcCcDJLMcLA
mrjm4_sx409,yDULHwDwKLDgByDLHIyJwJLMInELCgLATcJwy
fsem0_sx208,IaLJnLhglwLHaDwDLJLAnLJLlwJLMIswLuyJ
mrjr0_si2313,SnBLzwDTrLkwLuDvyvyLMFDBySaDLDCwJLMIcvnDryLkwLDyQwDLkPlbLBbgB
fmgd0_sx304,iyLiJLMkaLAwEUtIacDlctrJLMgCDlnrScD
mdvc0_si936,cBgDyDaBlLMyJLCsLMsLAwLTwraICaI
fdhc0_sx29,vnBLHLuIsLMwLHuwLAcLHnLAcQLHwLMsmFJU
fmah0_sx119,lwCwJcLAeSwUNIyLMIbLMrLkSwtwDwLHaBwLzy
mjsw0_sx110,lwLhnJLSsmcBrDwJLkwJaBClnLAJLMrLHIaLhBcCJ
fjmg0_si1181,HIaLHBwByULlwLHIswUwCLhOLwUnDnLAJBDwULMrCnLQwDBgLDCw
mjln0_si1449,iMytwDLMrJLMwDIskyJLMnIBcUsKwDIwUgLUwDwCcBcLMryJrQIwJPU
